,ID,Domain
0,3846,Resources
1,3847,Tools
2,3848,Techniques
3,3849,Hackathons
4,3850,Tools
5,3851,Tools
6,3852,Techniques
7,3853,Tools
8,3854,Tools
9,3855,Techniques
10,3856,Tools
11,3857,Tools
12,3858,Tools
13,3859,Techniques
14,3860,Techniques
15,3861,Career
16,3862,Tools
17,3863,Techniques
18,3864,Other
19,3865,Techniques
20,3866,Career
21,3867,Other
22,3868,Techniques
23,3869,Tools
24,3870,Hackathons
25,3871,Techniques
26,3872,Tools
27,3873,Career
28,3874,Techniques
29,3875,Techniques
30,3876,Techniques
31,3877,Tools
32,3878,Tools
33,3879,Techniques
34,3880,Techniques
35,3881,Misc
36,3882,Tools
37,3883,Tools
38,3884,Techniques
39,3885,Techniques
40,3886,Techniques
41,3887,Tools
42,3888,Resources
43,3889,Hackathons
44,3890,Tools
45,3891,Techniques
46,3892,Techniques
47,3893,Hackathons
48,3894,Techniques
49,3895,Techniques
50,3896,Tools
51,3897,Tools
52,3898,Hackathons
53,3899,Career
54,3900,Tools
55,3901,Career
56,3902,Techniques
57,3903,Tools
58,3904,Career
59,3905,Tools
60,3906,Techniques
61,3907,Tools
62,3908,Techniques
63,3909,Techniques
64,3910,Techniques
65,3911,Tools
66,3912,Hackathons
67,3913,Other
68,3914,Tools
69,3915,Tools
70,3916,Tools
71,3917,Tools
72,3918,Hackathons
73,3919,Tools
74,3920,Other
75,3921,Hackathons
76,3922,Techniques
77,3923,Tools
78,3924,Tools
79,3925,Techniques
80,3926,Techniques
81,3927,Tools
82,3928,Tools
83,3929,Techniques
84,3930,Techniques
85,3931,Techniques
86,3932,Techniques
87,3933,Techniques
88,3934,Other
89,3935,Hackathons
90,3936,Techniques
91,3937,Techniques
92,3938,Tools
93,3939,Tools
94,3940,Resources
95,3941,Techniques
96,3942,Techniques
97,3943,Career
98,3944,Tools
99,3945,Techniques
100,3946,Techniques
101,3947,Techniques
102,3948,Tools
103,3949,Techniques
104,3950,Techniques
105,3951,Tools
106,3952,Techniques
107,3953,Tools
108,3954,Resources
109,3955,Hackathons
110,3956,Techniques
111,3957,Resources
112,3958,Techniques
113,3959,Tools
114,3960,Techniques
115,3961,Career
116,3962,Techniques
117,3963,Techniques
118,3964,Techniques
119,3965,Tools
120,3966,Tools
121,3967,Tools
122,3968,Techniques
123,3969,Techniques
124,3970,Career
125,3971,Resources
126,3972,Tools
127,3973,Misc
128,3974,Techniques
129,3975,Career
130,3976,Techniques
131,3977,Techniques
132,3978,Techniques
133,3979,Techniques
134,3980,Tools
135,3981,Other
136,3982,Tools
137,3983,Hackathons
138,3984,Resources
139,3985,Techniques
140,3986,Techniques
141,3987,Techniques
142,3988,Techniques
143,3989,Techniques
144,3990,Techniques
145,3991,Tools
146,3992,Hackathons
147,3993,Techniques
148,3994,Techniques
149,3995,Techniques
150,3996,Resources
151,3997,Other
152,3998,Resources
153,3999,Tools
154,4000,Hackathons
155,4001,Misc
156,4002,Tools
157,4003,Career
158,4004,Techniques
159,4005,Techniques
160,4006,Techniques
161,4007,Techniques
162,4008,Techniques
163,4009,Tools
164,4010,Techniques
165,4011,Other
166,4012,Career
167,4013,Techniques
168,4014,Resources
169,4015,Techniques
170,4016,Techniques
171,4017,Career
172,4018,Tools
173,4019,Tools
174,4020,Techniques
175,4021,Tools
176,4022,Techniques
177,4023,Techniques
178,4024,Techniques
179,4025,Techniques
180,4026,Career
181,4027,Other
182,4028,Techniques
183,4029,Hackathons
184,4030,Techniques
185,4031,Techniques
186,4032,Techniques
187,4033,Tools
188,4034,Techniques
189,4035,Techniques
190,4036,Techniques
191,4037,Techniques
192,4038,Other
193,4039,Techniques
194,4040,Other
195,4041,Techniques
196,4042,Tools
197,4043,Resources
198,4044,Tools
199,4045,Resources
200,4046,Techniques
201,4047,Techniques
202,4048,Tools
203,4049,Hackathons
204,4050,Techniques
205,4051,Techniques
206,4052,Tools
207,4053,Career
208,4054,Techniques
209,4055,Tools
210,4056,Hackathons
211,4057,Resources
212,4058,Techniques
213,4059,Misc
214,4060,Resources
215,4061,Resources
216,4062,Tools
217,4063,Tools
218,4064,Techniques
219,4065,Techniques
220,4066,Hackathons
221,4067,Tools
222,4068,Techniques
223,4069,Career
224,4070,Techniques
225,4071,Techniques
226,4072,Other
227,4073,Career
228,4074,Techniques
229,4075,Techniques
230,4076,Misc
231,4077,Techniques
232,4078,Tools
233,4079,Techniques
234,4080,Techniques
235,4081,Career
236,4082,Tools
237,4083,Techniques
238,4084,Career
239,4085,Techniques
240,4086,Techniques
241,4087,Tools
242,4088,Other
243,4089,Techniques
244,4090,Techniques
245,4091,Resources
246,4092,Resources
247,4093,Tools
248,4094,Tools
249,4095,Tools
250,4096,Tools
251,4097,Tools
252,4098,Other
253,4099,Resources
254,4100,Career
255,4101,Techniques
256,4102,Tools
257,4103,Techniques
258,4104,Career
259,4105,Resources
260,4106,Tools
261,4107,Career
262,4108,Techniques
263,4109,Misc
264,4110,Hackathons
265,4111,Resources
266,4112,Techniques
267,4113,Techniques
268,4114,Hackathons
269,4115,Techniques
270,4116,Techniques
271,4117,Tools
272,4118,Tools
273,4119,Tools
274,4120,Techniques
275,4121,Tools
276,4122,Techniques
277,4123,Career
278,4124,Techniques
279,4125,Tools
280,4126,Career
281,4127,Hackathons
282,4128,Tools
283,4129,Hackathons
284,4130,Techniques
285,4131,Other
286,4132,Techniques
287,4133,Career
288,4134,Techniques
289,4135,Career
290,4136,Resources
291,4137,Career
292,4138,Resources
293,4139,Tools
294,4140,Tools
295,4141,Resources
296,4142,Techniques
297,4143,Techniques
298,4144,Misc
299,4145,Techniques
300,4146,Techniques
301,4147,Hackathons
302,4148,Tools
303,4149,Techniques
304,4150,Techniques
305,4151,Techniques
306,4152,Tools
307,4153,Tools
308,4154,Misc
309,4155,Tools
310,4156,Other
311,4157,Techniques
312,4158,Techniques
313,4159,Hackathons
314,4160,Tools
315,4161,Tools
316,4162,Techniques
317,4163,Techniques
318,4164,Techniques
319,4165,Tools
320,4166,Techniques
321,4167,Hackathons
322,4168,Resources
323,4169,Techniques
324,4170,Techniques
325,4171,Career
326,4172,Tools
327,4173,Tools
328,4174,Techniques
329,4175,Techniques
330,4176,Hackathons
331,4177,Tools
332,4178,Tools
333,4179,Hackathons
334,4180,Techniques
335,4181,Techniques
336,4182,Techniques
337,4183,Techniques
338,4184,Career
339,4185,Other
340,4186,Techniques
341,4187,Hackathons
342,4188,Tools
343,4189,Hackathons
344,4190,Techniques
345,4191,Other
346,4192,Techniques
347,4193,Techniques
348,4194,Techniques
349,4195,Hackathons
350,4196,Misc
351,4197,Techniques
352,4198,Techniques
353,4199,Resources
354,4200,Other
355,4201,Hackathons
356,4202,Hackathons
357,4203,Misc
358,4204,Techniques
359,4205,Hackathons
360,4206,Resources
361,4207,Tools
362,4208,Hackathons
363,4209,Techniques
364,4210,Techniques
365,4211,Techniques
366,4212,Hackathons
367,4213,Techniques
368,4214,Techniques
369,4215,Techniques
370,4216,Tools
371,4217,Tools
372,4218,Hackathons
373,4219,Career
374,4220,Tools
375,4221,Tools
376,4222,Tools
377,4223,Techniques
378,4224,Techniques
379,4225,Techniques
380,4226,Tools
381,4227,Tools
382,4228,Career
383,4229,Resources
384,4230,Techniques
385,4231,Techniques
386,4232,Tools
387,4233,Other
388,4234,Techniques
389,4235,Techniques
390,4236,Techniques
391,4237,Techniques
392,4238,Tools
393,4239,Techniques
394,4240,Hackathons
395,4241,Techniques
396,4242,Resources
397,4243,Career
398,4244,Resources
399,4245,Tools
400,4246,Techniques
401,4247,Techniques
402,4248,Career
403,4249,Techniques
404,4250,Techniques
405,4251,Techniques
406,4252,Techniques
407,4253,Techniques
408,4254,Techniques
409,4255,Tools
410,4256,Career
411,4257,Hackathons
412,4258,Other
413,4259,Techniques
414,4260,Techniques
415,4261,Other
416,4262,Career
417,4263,Techniques
418,4264,Career
419,4265,Techniques
420,4266,Techniques
421,4267,Other
422,4268,Career
423,4269,Tools
424,4270,Tools
425,4271,Techniques
426,4272,Techniques
427,4273,Hackathons
428,4274,Techniques
429,4275,Other
430,4276,Tools
431,4277,Hackathons
432,4278,Resources
433,4279,Resources
434,4280,Hackathons
435,4281,Techniques
436,4282,Techniques
437,4283,Hackathons
438,4284,Resources
439,4285,Resources
440,4286,Other
441,4287,Techniques
442,4288,Techniques
443,4289,Resources
444,4290,Techniques
445,4291,Tools
446,4292,Techniques
447,4293,Resources
448,4294,Techniques
449,4295,Techniques
450,4296,Career
451,4297,Career
452,4298,Techniques
453,4299,Misc
454,4300,Tools
455,4301,Tools
456,4302,Techniques
457,4303,Tools
458,4304,Tools
459,4305,Techniques
460,4306,Resources
461,4307,Tools
462,4308,Techniques
463,4309,Tools
464,4310,Hackathons
465,4311,Other
466,4312,Techniques
467,4313,Techniques
468,4314,Techniques
469,4315,Hackathons
470,4316,Techniques
471,4317,Techniques
472,4318,Tools
473,4319,Tools
474,4320,Hackathons
475,4321,Career
476,4322,Techniques
477,4323,Tools
478,4324,Hackathons
479,4325,Techniques
480,4326,Tools
481,4327,Tools
482,4328,Techniques
483,4329,Tools
484,4330,Tools
485,4331,Other
486,4332,Hackathons
487,4333,Career
488,4334,Career
489,4335,Tools
490,4336,Tools
491,4337,Tools
492,4338,Tools
493,4339,Career
494,4340,Techniques
495,4341,Tools
496,4342,Techniques
497,4343,Career
498,4344,Hackathons
499,4345,Tools
500,4346,Tools
501,4347,Techniques
502,4348,Tools
503,4349,Tools
504,4350,Other
505,4351,Techniques
506,4352,Career
507,4353,Career
508,4354,Tools
509,4355,Techniques
510,4356,Techniques
511,4357,Resources
512,4358,Techniques
513,4359,Tools
514,4360,Other
515,4361,Tools
516,4362,Hackathons
517,4363,Tools
518,4364,Resources
519,4365,Resources
520,4366,Career
521,4367,Hackathons
522,4368,Resources
523,4369,Techniques
524,4370,Tools
525,4371,Techniques
526,4372,Techniques
527,4373,Tools
528,4374,Career
529,4375,Hackathons
530,4376,Tools
531,4377,Techniques
532,4378,Career
533,4379,Techniques
534,4380,Techniques
535,4381,Hackathons
536,4382,Resources
537,4383,Tools
538,4384,Tools
539,4385,Techniques
540,4386,Career
541,4387,Resources
542,4388,Techniques
543,4389,Tools
544,4390,Career
545,4391,Career
546,4392,Tools
547,4393,Techniques
548,4394,Techniques
549,4395,Techniques
550,4396,Tools
551,4397,Hackathons
552,4398,Tools
553,4399,Tools
554,4400,Hackathons
555,4401,Techniques
556,4402,Tools
557,4403,Techniques
558,4404,Misc
559,4405,Resources
560,4406,Resources
561,4407,Resources
562,4408,Techniques
563,4409,Techniques
564,4410,Techniques
565,4411,Career
566,4412,Techniques
567,4413,Tools
568,4414,Techniques
569,4415,Tools
570,4416,Techniques
571,4417,Career
572,4418,Tools
573,4419,Techniques
574,4420,Techniques
575,4421,Hackathons
576,4422,Hackathons
577,4423,Tools
578,4424,Tools
579,4425,Career
580,4426,Career
581,4427,Career
582,4428,Techniques
583,4429,Techniques
584,4430,Career
585,4431,Techniques
586,4432,Tools
587,4433,Tools
588,4434,Resources
589,4435,Techniques
590,4436,Career
591,4437,Tools
592,4438,Tools
593,4439,Techniques
594,4440,Techniques
595,4441,Tools
596,4442,Career
597,4443,Techniques
598,4444,Career
599,4445,Tools
600,4446,Techniques
601,4447,Techniques
602,4448,Techniques
603,4449,Techniques
604,4450,Techniques
605,4451,Career
606,4452,Tools
607,4453,Techniques
608,4454,Resources
609,4455,Tools
610,4456,Tools
611,4457,Career
612,4458,Techniques
613,4459,Tools
614,4460,Misc
615,4461,Techniques
616,4462,Career
617,4463,Techniques
618,4464,Tools
619,4465,Techniques
620,4466,Tools
621,4467,Career
622,4468,Tools
623,4469,Techniques
624,4470,Techniques
625,4471,Techniques
626,4472,Techniques
627,4473,Career
628,4474,Hackathons
629,4475,Resources
630,4476,Tools
631,4477,Techniques
632,4478,Techniques
633,4479,Resources
634,4480,Techniques
635,4481,Misc
636,4482,Hackathons
637,4483,Hackathons
638,4484,Tools
639,4485,Hackathons
640,4486,Hackathons
641,4487,Tools
642,4488,Techniques
643,4489,Career
644,4490,Other
645,4491,Techniques
646,4492,Techniques
647,4493,Techniques
648,4494,Tools
649,4495,Career
650,4496,Techniques
651,4497,Techniques
652,4498,Tools
653,4499,Techniques
654,4500,Resources
655,4501,Career
656,4502,Career
657,4503,Tools
658,4504,Career
659,4505,Techniques
660,4506,Techniques
661,4507,Tools
662,4508,Career
663,4509,Techniques
664,4510,Tools
665,4511,Tools
666,4512,Techniques
667,4513,Resources
668,4514,Techniques
669,4515,Techniques
670,4516,Techniques
671,4517,Tools
672,4518,Tools
673,4519,Hackathons
674,4520,Techniques
675,4521,Techniques
676,4522,Tools
677,4523,Career
678,4524,Techniques
679,4525,Career
680,4526,Career
681,4527,Techniques
682,4528,Techniques
683,4529,Techniques
684,4530,Other
685,4531,Techniques
686,4532,Techniques
687,4533,Techniques
688,4534,Hackathons
689,4535,Techniques
690,4536,Tools
691,4537,Resources
692,4538,Tools
693,4539,Career
694,4540,Tools
695,4541,Techniques
696,4542,Tools
697,4543,Techniques
698,4544,Hackathons
699,4545,Techniques
700,4546,Career
701,4547,Techniques
702,4548,Techniques
703,4549,Tools
704,4550,Techniques
705,4551,Other
706,4552,Resources
707,4553,Career
708,4554,Tools
709,4555,Techniques
710,4556,Career
711,4557,Techniques
712,4558,Tools
713,4559,Career
714,4560,Techniques
715,4561,Techniques
716,4562,Career
717,4563,Tools
718,4564,Hackathons
719,4565,Tools
720,4566,Tools
721,4567,Career
722,4568,Techniques
723,4569,Techniques
724,4570,Techniques
725,4571,Tools
726,4572,Techniques
727,4573,Hackathons
728,4574,Career
729,4575,Hackathons
730,4576,Career
731,4577,Hackathons
732,4578,Hackathons
733,4579,Tools
734,4580,Career
735,4581,Techniques
736,4582,Hackathons
737,4583,Techniques
738,4584,Career
739,4585,Hackathons
740,4586,Techniques
741,4587,Tools
742,4588,Hackathons
743,4589,Techniques
744,4590,Career
745,4591,Hackathons
746,4592,Career
747,4593,Techniques
748,4594,Tools
749,4595,Techniques
750,4596,Other
751,4597,Tools
752,4598,Career
753,4599,Techniques
754,4600,Techniques
755,4601,Tools
756,4602,Techniques
757,4603,Career
758,4604,Techniques
759,4605,Other
760,4606,Career
761,4607,Techniques
762,4608,Career
763,4609,Hackathons
764,4610,Hackathons
765,4611,Techniques
766,4612,Tools
767,4613,Techniques
768,4614,Techniques
769,4615,Hackathons
770,4616,Techniques
771,4617,Tools
772,4618,Techniques
773,4619,Career
774,4620,Career
775,4621,Tools
776,4622,Tools
777,4623,Techniques
778,4624,Hackathons
779,4625,Techniques
780,4626,Techniques
781,4627,Techniques
782,4628,Career
783,4629,Techniques
784,4630,Techniques
785,4631,Career
786,4632,Techniques
787,4633,Tools
788,4634,Career
789,4635,Techniques
790,4636,Tools
791,4637,Techniques
792,4638,Hackathons
793,4639,Career
794,4640,Career
795,4641,Techniques
796,4642,Resources
797,4643,Tools
798,4644,Hackathons
799,4645,Techniques
800,4646,Techniques
801,4647,Career
802,4648,Tools
803,4649,Resources
804,4650,Hackathons
805,4651,Techniques
806,4652,Techniques
807,4653,Techniques
808,4654,Tools
809,4655,Techniques
810,4656,Techniques
811,4657,Techniques
812,4658,Techniques
813,4659,Techniques
814,4660,Techniques
815,4661,Techniques
816,4662,Techniques
817,4663,Hackathons
818,4664,Techniques
819,4665,Career
820,4666,Tools
821,4667,Other
822,4668,Misc
823,4669,Techniques
824,4670,Tools
825,4671,Misc
826,4672,Techniques
827,4673,Hackathons
828,4674,Techniques
829,4675,Techniques
830,4676,Hackathons
831,4677,Hackathons
832,4678,Tools
833,4679,Techniques
834,4680,Techniques
835,4681,Career
836,4682,Hackathons
837,4683,Resources
838,4684,Techniques
839,4685,Career
840,4686,Tools
841,4687,Tools
842,4688,Career
843,4689,Techniques
844,4690,Career
845,4691,Hackathons
846,4692,Tools
847,4693,Techniques
848,4694,Techniques
849,4695,Tools
850,4696,Tools
851,4697,Hackathons
852,4698,Techniques
853,4699,Techniques
854,4700,Tools
855,4701,Techniques
856,4702,Tools
857,4703,Resources
858,4704,Career
859,4705,Career
860,4706,Career
861,4707,Other
862,4708,Career
863,4709,Career
864,4710,Techniques
865,4711,Hackathons
866,4712,Hackathons
867,4713,Techniques
868,4714,Tools
869,4715,Techniques
870,4716,Tools
871,4717,Techniques
872,4718,Tools
873,4719,Tools
874,4720,Techniques
875,4721,Career
876,4722,Techniques
877,4723,Resources
878,4724,Techniques
879,4725,Career
880,4726,Resources
881,4727,Tools
882,4728,Techniques
883,4729,Tools
884,4730,Techniques
885,4731,Hackathons
886,4732,Techniques
887,4733,Techniques
888,4734,Techniques
889,4735,Techniques
890,4736,Techniques
891,4737,Techniques
892,4738,Techniques
893,4739,Techniques
894,4740,Resources
895,4741,Techniques
896,4742,Techniques
897,4743,Tools
898,4744,Techniques
899,4745,Tools
900,4746,Hackathons
901,4747,Career
902,4748,Techniques
903,4749,Techniques
904,4750,Techniques
905,4751,Techniques
906,4752,Career
907,4753,Career
908,4754,Resources
909,4755,Techniques
910,4756,Career
911,4757,Hackathons
912,4758,Tools
913,4759,Techniques
914,4760,Tools
915,4761,Tools
916,4762,Techniques
917,4763,Techniques
918,4764,Techniques
919,4765,Techniques
920,4766,Hackathons
921,4767,Hackathons
922,4768,Techniques
923,4769,Hackathons
924,4770,Resources
925,4771,Hackathons
926,4772,Techniques
927,4773,Tools
928,4774,Techniques
929,4775,Techniques
930,4776,Career
931,4777,Tools
932,4778,Resources
933,4779,Hackathons
934,4780,Tools
935,4781,Techniques
936,4782,Techniques
937,4783,Other
938,4784,Techniques
939,4785,Other
940,4786,Misc
941,4787,Techniques
942,4788,Techniques
943,4789,Techniques
944,4790,Techniques
945,4791,Resources
946,4792,Techniques
947,4793,Techniques
948,4794,Tools
949,4795,Other
950,4796,Hackathons
951,4797,Techniques
952,4798,Techniques
953,4799,Techniques
954,4800,Misc
955,4801,Career
956,4802,Techniques
957,4803,Techniques
958,4804,Tools
959,4805,Techniques
960,4806,Techniques
961,4807,Techniques
962,4808,Other
963,4809,Hackathons
964,4810,Tools
965,4811,Techniques
966,4812,Hackathons
967,4813,Career
968,4814,Resources
969,4815,Other
970,4816,Resources
971,4817,Tools
972,4818,Tools
973,4819,Resources
974,4820,Techniques
975,4821,Hackathons
976,4822,Career
977,4823,Techniques
978,4824,Career
979,4825,Techniques
980,4826,Techniques
981,4827,Techniques
982,4828,Tools
983,4829,Techniques
984,4830,Techniques
985,4831,Tools
986,4832,Tools
987,4833,Techniques
988,4834,Tools
989,4835,Tools
990,4836,Resources
991,4837,Tools
992,4838,Tools
993,4839,Techniques
994,4840,Techniques
995,4841,Resources
996,4842,Hackathons
997,4843,Techniques
998,4844,Techniques
999,4845,Tools
1000,4846,Tools
1001,4847,Techniques
1002,4848,Tools
1003,4849,Tools
1004,4850,Techniques
1005,4851,Other
1006,4852,Techniques
1007,4853,Techniques
1008,4854,Hackathons
1009,4855,Tools
1010,4856,Techniques
1011,4857,Tools
1012,4858,Tools
1013,4859,Techniques
1014,4860,Techniques
1015,4861,Techniques
1016,4862,Career
1017,4863,Techniques
1018,4864,Techniques
1019,4865,Tools
1020,4866,Techniques
1021,4867,Career
1022,4868,Hackathons
1023,4869,Techniques
1024,4870,Other
1025,4871,Techniques
1026,4872,Techniques
1027,4873,Techniques
1028,4874,Tools
1029,4875,Techniques
1030,4876,Tools
1031,4877,Career
1032,4878,Techniques
1033,4879,Resources
1034,4880,Tools
1035,4881,Career
1036,4882,Hackathons
1037,4883,Hackathons
1038,4884,Other
1039,4885,Techniques
1040,4886,Resources
1041,4887,Techniques
1042,4888,Techniques
1043,4889,Career
1044,4890,Techniques
1045,4891,Techniques
1046,4892,Hackathons
1047,4893,Techniques
1048,4894,Tools
1049,4895,Career
1050,4896,Tools
1051,4897,Career
1052,4898,Techniques
1053,4899,Tools
1054,4900,Career
1055,4901,Career
1056,4902,Resources
1057,4903,Tools
1058,4904,Techniques
1059,4905,Tools
1060,4906,Career
1061,4907,Techniques
1062,4908,Techniques
1063,4909,Techniques
1064,4910,Tools
1065,4911,Techniques
1066,4912,Techniques
1067,4913,Resources
1068,4914,Techniques
1069,4915,Career
1070,4916,Tools
1071,4917,Tools
1072,4918,Techniques
1073,4919,Techniques
1074,4920,Tools
1075,4921,Hackathons
1076,4922,Career
1077,4923,Techniques
1078,4924,Tools
1079,4925,Techniques
1080,4926,Techniques
1081,4927,Techniques
1082,4928,Techniques
1083,4929,Career
1084,4930,Techniques
1085,4931,Tools
1086,4932,Hackathons
1087,4933,Techniques
1088,4934,Resources
1089,4935,Techniques
1090,4936,Techniques
1091,4937,Techniques
1092,4938,Career
1093,4939,Techniques
1094,4940,Career
1095,4941,Techniques
1096,4942,Tools
1097,4943,Techniques
1098,4944,Techniques
1099,4945,Tools
1100,4946,Techniques
1101,4947,Techniques
1102,4948,Misc
1103,4949,Tools
1104,4950,Techniques
1105,4951,Techniques
1106,4952,Tools
1107,4953,Other
1108,4954,Techniques
1109,4955,Techniques
1110,4956,Techniques
1111,4957,Tools
1112,4958,Techniques
1113,4959,Techniques
1114,4960,Tools
1115,4961,Tools
1116,4962,Techniques
1117,4963,Hackathons
1118,4964,Techniques
1119,4965,Tools
1120,4966,Tools
1121,4967,Career
1122,4968,Techniques
1123,4969,Techniques
1124,4970,Techniques
1125,4971,Techniques
1126,4972,Tools
1127,4973,Techniques
1128,4974,Hackathons
1129,4975,Techniques
1130,4976,Techniques
1131,4977,Techniques
1132,4978,Hackathons
1133,4979,Career
1134,4980,Techniques
1135,4981,Tools
1136,4982,Resources
1137,4983,Tools
1138,4984,Techniques
1139,4985,Tools
1140,4986,Techniques
1141,4987,Techniques
1142,4988,Career
1143,4989,Tools
1144,4990,Tools
1145,4991,Techniques
1146,4992,Hackathons
1147,4993,Other
1148,4994,Tools
1149,4995,Tools
1150,4996,Career
1151,4997,Techniques
1152,4998,Hackathons
1153,4999,Tools
1154,5000,Techniques
1155,5001,Other
1156,5002,Tools
1157,5003,Tools
1158,5004,Techniques
1159,5005,Techniques
1160,5006,Hackathons
1161,5007,Techniques
1162,5008,Resources
1163,5009,Techniques
1164,5010,Techniques
1165,5011,Techniques
1166,5012,Misc
1167,5013,Techniques
1168,5014,Techniques
1169,5015,Techniques
1170,5016,Tools
1171,5017,Resources
1172,5018,Tools
1173,5019,Tools
1174,5020,Techniques
1175,5021,Other
1176,5022,Hackathons
1177,5023,Hackathons
1178,5024,Tools
1179,5025,Techniques
1180,5026,Tools
1181,5027,Hackathons
1182,5028,Techniques
1183,5029,Tools
1184,5030,Techniques
1185,5031,Tools
1186,5032,Techniques
1187,5033,Resources
1188,5034,Techniques
1189,5035,Tools
1190,5036,Tools
1191,5037,Techniques
1192,5038,Techniques
1193,5039,Other
1194,5040,Tools
1195,5041,Tools
1196,5042,Techniques
1197,5043,Techniques
1198,5044,Tools
1199,5045,Other
1200,5046,Tools
1201,5047,Resources
1202,5048,Techniques
1203,5049,Techniques
1204,5050,Tools
1205,5051,Techniques
1206,5052,Techniques
1207,5053,Other
1208,5054,Techniques
1209,5055,Tools
1210,5056,Other
1211,5057,Techniques
1212,5058,Tools
1213,5059,Techniques
1214,5060,Tools
1215,5061,Career
1216,5062,Techniques
1217,5063,Techniques
1218,5064,Techniques
1219,5065,Tools
1220,5066,Techniques
1221,5067,Tools
1222,5068,Career
1223,5069,Resources
1224,5070,Techniques
1225,5071,Techniques
1226,5072,Techniques
1227,5073,Tools
1228,5074,Techniques
1229,5075,Techniques
1230,5076,Techniques
1231,5077,Techniques
1232,5078,Techniques
1233,5079,Career
1234,5080,Tools
1235,5081,Hackathons
1236,5082,Techniques
1237,5083,Tools
1238,5084,Career
1239,5085,Tools
1240,5086,Tools
1241,5087,Career
1242,5088,Techniques
1243,5089,Tools
1244,5090,Other
1245,5091,Career
1246,5092,Techniques
1247,5093,Other
1248,5094,Techniques
1249,5095,Misc
1250,5096,Hackathons
1251,5097,Techniques
1252,5098,Career
1253,5099,Tools
1254,5100,Tools
1255,5101,Hackathons
1256,5102,Tools
1257,5103,Techniques
1258,5104,Techniques
1259,5105,Techniques
1260,5106,Career
1261,5107,Resources
1262,5108,Resources
1263,5109,Tools
1264,5110,Techniques
1265,5111,Career
1266,5112,Techniques
1267,5113,Other
1268,5114,Techniques
1269,5115,Tools
1270,5116,Tools
1271,5117,Resources
1272,5118,Career
1273,5119,Techniques
1274,5120,Tools
1275,5121,Hackathons
1276,5122,Techniques
1277,5123,Career
1278,5124,Other
1279,5125,Tools
1280,5126,Tools
1281,5127,Techniques
1282,5128,Techniques
1283,5129,Techniques
1284,5130,Techniques
1285,5131,Techniques
1286,5132,Techniques
1287,5133,Hackathons
1288,5134,Techniques
1289,5135,Techniques
1290,5136,Tools
1291,5137,Resources
1292,5138,Hackathons
1293,5139,Techniques
1294,5140,Career
1295,5141,Techniques
1296,5142,Resources
1297,5143,Career
1298,5144,Techniques
1299,5145,Techniques
1300,5146,Career
1301,5147,Techniques
1302,5148,Tools
1303,5149,Career
1304,5150,Techniques
1305,5151,Techniques
1306,5152,Tools
1307,5153,Career
1308,5154,Other
1309,5155,Techniques
1310,5156,Techniques
1311,5157,Hackathons
1312,5158,Resources
1313,5159,Tools
1314,5160,Tools
1315,5161,Career
1316,5162,Techniques
1317,5163,Tools
1318,5164,Techniques
1319,5165,Resources
1320,5166,Other
1321,5167,Techniques
1322,5168,Techniques
1323,5169,Hackathons
1324,5170,Tools
1325,5171,Tools
1326,5172,Techniques
1327,5173,Tools
1328,5174,Tools
1329,5175,Other
1330,5176,Techniques
1331,5177,Techniques
1332,5178,Tools
1333,5179,Techniques
1334,5180,Techniques
1335,5181,Career
1336,5182,Resources
1337,5183,Techniques
1338,5184,Resources
1339,5185,Techniques
1340,5186,Career
1341,5187,Tools
1342,5188,Techniques
1343,5189,Tools
1344,5190,Techniques
1345,5191,Tools
1346,5192,Hackathons
1347,5193,Techniques
1348,5194,Tools
1349,5195,Techniques
1350,5196,Resources
1351,5197,Hackathons
1352,5198,Techniques
1353,5199,Techniques
1354,5200,Tools
1355,5201,Techniques
1356,5202,Tools
1357,5203,Other
1358,5204,Resources
1359,5205,Techniques
1360,5206,Tools
1361,5207,Tools
1362,5208,Hackathons
1363,5209,Resources
1364,5210,Techniques
1365,5211,Misc
1366,5212,Tools
1367,5213,Techniques
1368,5214,Resources
1369,5215,Techniques
1370,5216,Techniques
1371,5217,Tools
1372,5218,Tools
1373,5219,Career
1374,5220,Techniques
1375,5221,Techniques
1376,5222,Tools
1377,5223,Techniques
1378,5224,Techniques
1379,5225,Career
1380,5226,Resources
1381,5227,Techniques
1382,5228,Resources
1383,5229,Other
1384,5230,Techniques
1385,5231,Hackathons
1386,5232,Techniques
1387,5233,Career
1388,5234,Tools
1389,5235,Techniques
1390,5236,Techniques
1391,5237,Other
1392,5238,Career
1393,5239,Techniques
1394,5240,Tools
1395,5241,Techniques
1396,5242,Tools
1397,5243,Hackathons
1398,5244,Techniques
1399,5245,Hackathons
1400,5246,Techniques
1401,5247,Techniques
1402,5248,Techniques
1403,5249,Resources
1404,5250,Tools
1405,5251,Tools
1406,5252,Resources
1407,5253,Tools
1408,5254,Techniques
1409,5255,Other
1410,5256,Career
1411,5257,Hackathons
1412,5258,Resources
1413,5259,Tools
1414,5260,Tools
1415,5261,Techniques
1416,5262,Hackathons
1417,5263,Tools
1418,5264,Techniques
1419,5265,Techniques
1420,5266,Tools
1421,5267,Techniques
1422,5268,Tools
1423,5269,Career
1424,5270,Tools
1425,5271,Techniques
1426,5272,Techniques
1427,5273,Career
1428,5274,Techniques
1429,5275,Techniques
1430,5276,Techniques
1431,5277,Other
1432,5278,Career
1433,5279,Tools
1434,5280,Tools
1435,5281,Career
1436,5282,Resources
1437,5283,Tools
1438,5284,Career
1439,5285,Tools
1440,5286,Tools
1441,5287,Resources
1442,5288,Hackathons
1443,5289,Tools
1444,5290,Tools
1445,5291,Techniques
1446,5292,Techniques
1447,5293,Techniques
1448,5294,Tools
1449,5295,Resources
1450,5296,Techniques
1451,5297,Techniques
1452,5298,Tools
1453,5299,Resources
1454,5300,Hackathons
1455,5301,Career
1456,5302,Techniques
1457,5303,Resources
1458,5304,Misc
1459,5305,Tools
1460,5306,Resources
1461,5307,Techniques
1462,5308,Techniques
1463,5309,Resources
1464,5310,Techniques
1465,5311,Techniques
1466,5312,Techniques
1467,5313,Resources
1468,5314,Techniques
1469,5315,Tools
1470,5316,Career
1471,5317,Career
1472,5318,Career
1473,5319,Tools
1474,5320,Other
1475,5321,Hackathons
1476,5322,Tools
1477,5323,Hackathons
1478,5324,Tools
1479,5325,Resources
1480,5326,Techniques
1481,5327,Techniques
1482,5328,Career
1483,5329,Career
1484,5330,Career
1485,5331,Techniques
1486,5332,Techniques
1487,5333,Resources
1488,5334,Career
1489,5335,Techniques
1490,5336,Tools
1491,5337,Techniques
1492,5338,Tools
1493,5339,Tools
1494,5340,Hackathons
1495,5341,Resources
1496,5342,Career
1497,5343,Resources
1498,5344,Techniques
1499,5345,Tools
1500,5346,Techniques
1501,5347,Tools
1502,5348,Hackathons
1503,5349,Techniques
1504,5350,Techniques
1505,5351,Techniques
1506,5352,Techniques
1507,5353,Career
1508,5354,Career
1509,5355,Techniques
1510,5356,Tools
1511,5357,Techniques
1512,5358,Techniques
1513,5359,Tools
1514,5360,Tools
1515,5361,Tools
1516,5362,Tools
1517,5363,Techniques
1518,5364,Career
1519,5365,Career
1520,5366,Techniques
1521,5367,Career
1522,5368,Techniques
1523,5369,Techniques
1524,5370,Tools
1525,5371,Tools
1526,5372,Hackathons
1527,5373,Tools
1528,5374,Other
1529,5375,Techniques
1530,5376,Career
1531,5377,Tools
1532,5378,Misc
1533,5379,Tools
1534,5380,Tools
1535,5381,Hackathons
1536,5382,Other
1537,5383,Career
1538,5384,Techniques
1539,5385,Techniques
1540,5386,Resources
1541,5387,Techniques
1542,5388,Resources
1543,5389,Resources
1544,5390,Techniques
1545,5391,Tools
1546,5392,Other
1547,5393,Techniques
1548,5394,Techniques
1549,5395,Techniques
1550,5396,Resources
1551,5397,Career
1552,5398,Tools
1553,5399,Techniques
1554,5400,Techniques
1555,5401,Other
1556,5402,Tools
1557,5403,Techniques
1558,5404,Hackathons
1559,5405,Techniques
1560,5406,Techniques
1561,5407,Career
1562,5408,Techniques
1563,5409,Tools
1564,5410,Resources
1565,5411,Techniques
1566,5412,Tools
1567,5413,Career
1568,5414,Techniques
1569,5415,Techniques
1570,5416,Career
1571,5417,Hackathons
1572,5418,Resources
1573,5419,Techniques
1574,5420,Career
1575,5421,Career
1576,5422,Misc
1577,5423,Tools
1578,5424,Tools
1579,5425,Techniques
1580,5426,Techniques
1581,5427,Career
1582,5428,Career
1583,5429,Tools
1584,5430,Resources
1585,5431,Tools
1586,5432,Tools
1587,5433,Techniques
1588,5434,Techniques
1589,5435,Resources
1590,5436,Tools
1591,5437,Resources
1592,5438,Career
1593,5439,Techniques
1594,5440,Other
1595,5441,Techniques
1596,5442,Tools
1597,5443,Tools
1598,5444,Techniques
1599,5445,Tools
1600,5446,Tools
1601,5447,Tools
1602,5448,Tools
1603,5449,Hackathons
1604,5450,Techniques
1605,5451,Career
1606,5452,Hackathons
1607,5453,Techniques
1608,5454,Tools
1609,5455,Tools
1610,5456,Techniques
1611,5457,Techniques
1612,5458,Techniques
1613,5459,Resources
1614,5460,Tools
1615,5461,Other
1616,5462,Tools
1617,5463,Career
1618,5464,Techniques
1619,5465,Career
1620,5466,Tools
1621,5467,Tools
1622,5468,Techniques
1623,5469,Career
1624,5470,Techniques
1625,5471,Career
1626,5472,Tools
1627,5473,Techniques
1628,5474,Tools
1629,5475,Techniques
1630,5476,Techniques
1631,5477,Techniques
1632,5478,Resources
1633,5479,Tools
1634,5480,Career
1635,5481,Other
1636,5482,Career
1637,5483,Hackathons
1638,5484,Techniques
1639,5485,Techniques
1640,5486,Hackathons
1641,5487,Techniques
1642,5488,Career
1643,5489,Tools
1644,5490,Techniques
1645,5491,Techniques
1646,5492,Other
1647,5493,Techniques
1648,5494,Tools
